file,line,element,label,handler
lib/ui/widgets/async_views.dart,227,FilledButton,,onPressed
lib/ui/widgets/async_views.dart,293,,,onPressed
lib/ui/widgets/async_views.dart,329,InkWell,,
lib/ui/widgets/async_views.dart,330,,,onTap
lib/ui/widgets/customer_promotion_progress.dart,39,InkWell,,
lib/ui/widgets/customer_promotion_progress.dart,40,,,onTap
lib/ui/widgets/customer_statement_export.dart,205,,,onPressed
lib/ui/widgets/customer_statement_export.dart,210,,,onPressed
lib/ui/widgets/customer_statement_export.dart,215,,,onPressed
lib/ui/widgets/kayan_bottom_nav.dart,75,,,onTap
lib/ui/widgets/kayan_bottom_nav.dart,89,,,onTap
lib/ui/widgets/kayan_bottom_nav.dart,100,,,onTap
lib/ui/widgets/kayan_bottom_nav.dart,137,InkWell,,
lib/ui/widgets/kayan_bottom_nav.dart,138,,,onTap
lib/ui/widgets/kayan_bottom_nav.dart,192,InkWell,,
lib/ui/widgets/kayan_bottom_nav.dart,193,,,onTap
lib/ui/widgets/permissions_onboarding.dart,390,IconButton,,
lib/ui/widgets/permissions_onboarding.dart,392,,,onPressed
lib/ui/widgets/permissions_onboarding.dart,468,,,onPressed
lib/ui/widgets/permissions_onboarding.dart,528,,,onPressed
lib/ui/widgets/permissions_onboarding.dart,550,OutlinedButton,,
lib/ui/widgets/permissions_onboarding.dart,551,,,onPressed
lib/ui/widgets/permissions_onboarding.dart,564,,,onPressed
lib/ui/widgets/reserved_card_ops.dart,22,ListTile,,
lib/ui/widgets/reserved_card_ops.dart,29,ListTile,,
lib/ui/widgets/reserved_card_ops.dart,39,,,onTap
lib/ui/widgets/reserved_card_ops.dart,44,ListTile,,
lib/ui/widgets/reserved_card_ops.dart,51,,,onTap
lib/ui/widgets/reserved_card_ops.dart,108,TextField,,
lib/ui/widgets/reserved_card_ops.dart,120,TextButton,,
lib/ui/widgets/reserved_card_ops.dart,121,,,onPressed
lib/ui/widgets/reserved_card_ops.dart,124,FilledButton,,
lib/ui/widgets/reserved_card_ops.dart,125,,,onPressed
lib/ui/widgets/net/net_alert_banner.dart,55,InkWell,,
lib/ui/widgets/net/net_alert_banner.dart,56,,,onTap
lib/ui/widgets/net/net_alert_banner.dart,84,InkWell,,
lib/ui/widgets/net/net_alert_banner.dart,85,,,onTap
lib/ui/widgets/net/net_balance_card.dart,212,,,onTap
lib/ui/widgets/net/net_balance_card.dart,221,,,onTap
lib/ui/widgets/net/net_balance_card.dart,260,InkWell,,
lib/ui/widgets/net/net_balance_card.dart,261,,,onTap
lib/ui/widgets/net/net_dashboard_header.dart,160,NetHeaderAction,,
lib/ui/widgets/net/net_dashboard_header.dart,164,,,onPressed
lib/ui/widgets/net/net_dashboard_header.dart,167,NetHeaderAction,,
lib/ui/widgets/net/net_dashboard_header.dart,170,,,onPressed
lib/ui/widgets/net/net_dashboard_header.dart,173,NetHeaderAction,,
lib/ui/widgets/net/net_dashboard_header.dart,176,,,onPressed
lib/ui/widgets/net/net_dashboard_header.dart,179,NetHeaderAction,,
lib/ui/widgets/net/net_dashboard_header.dart,182,,,onPressed
lib/ui/widgets/net/net_metric_card.dart,50,,,onTap
lib/ui/widgets/net/net_quick_action_card.dart,32,InkWell,,
lib/ui/widgets/net/net_quick_action_card.dart,33,,,onTap
lib/ui/widgets/net/net_recent_transaction_card.dart,49,InkWell,,
lib/ui/widgets/net/net_recent_transaction_card.dart,50,,,onTap
lib/ui/widgets/net/net_section_header.dart,64,TextButton,,
lib/ui/widgets/net/net_section_header.dart,65,,,onPressed
lib/ui/widgets/net/net_service_tile.dart,42,InkWell,,
lib/ui/widgets/net/net_service_tile.dart,43,,,onTap
lib/ui/widgets/net/net_service_tile.dart,184,InkWell,,
lib/ui/widgets/net/net_service_tile.dart,185,,,onTap
lib/ui/widgets/net/net_sheet.dart,158,IconButton,,
lib/ui/widgets/net/net_sheet.dart,160,,,onPressed
lib/ui/widgets/net/net_surface_card.dart,65,InkWell,,
lib/ui/widgets/net/net_surface_card.dart,66,,,onTap
lib/ui/widgets/net/net_surface_card.dart,67,,,onLongPress
lib/ui/widgets/net/net_tab_header.dart,104,NetHeaderAction,,
lib/ui/widgets/net/net_tab_header.dart,131,InkWell,,
lib/ui/widgets/net/net_tab_header.dart,132,,,onTap
lib/ui/widgets/net/net_transaction_detail_sheet.dart,249,IconButton,,
lib/ui/widgets/net/net_transaction_detail_sheet.dart,251,,,onPressed
lib/ui/widgets/net/net_transaction_detail_sheet.dart,274,,,onPressed
lib/ui/widgets/net/net_transaction_detail_sheet.dart,285,,,onPressed
lib/ui/widgets/settings/account_profile_card.dart,543,,,onTap
lib/ui/widgets/settings/account_profile_card.dart,557,,,onTap
lib/ui/widgets/settings/account_profile_card.dart,567,,,onTap
lib/ui/widgets/settings/account_profile_card.dart,575,InkWell,,
lib/ui/widgets/settings/account_profile_card.dart,577,,,onTap
lib/ui/widgets/settings/account_profile_card.dart,643,InkWell,,
lib/ui/widgets/settings/account_profile_card.dart,645,,,onTap
lib/ui/widgets/settings/network_name_edit_sheet.dart,90,TextField,,
lib/ui/widgets/settings/network_name_edit_sheet.dart,95,,,onSubmitted
lib/ui/widgets/settings/network_name_edit_sheet.dart,142,OutlinedButton,,
lib/ui/widgets/settings/network_name_edit_sheet.dart,143,,,onPressed
lib/ui/widgets/settings/network_name_edit_sheet.dart,150,FilledButton,,
lib/ui/widgets/settings/network_name_edit_sheet.dart,151,,,onPressed
lib/ui/widgets/settings/settings_cards.dart,97,SettingsGroupNavRow,,
lib/ui/widgets/settings/settings_cards.dart,122,InkWell,,
lib/ui/widgets/settings/settings_cards.dart,123,,,onTap
lib/ui/widgets/settings/settings_cards.dart,201,InkWell,,
lib/ui/widgets/settings/settings_cards.dart,202,,,onTap
lib/ui/widgets/settings/settings_cards.dart,240,,,onChanged
lib/ui/widgets/settings/settings_cards.dart,273,InkWell,,
lib/ui/widgets/settings/settings_cards.dart,274,,,onTap
lib/ui/widgets/settings/settings_cards.dart,306,,,onTap
lib/ui/widgets/dashboard/card_stock_sheet.dart,198,IconButton,,
lib/ui/widgets/dashboard/card_stock_sheet.dart,200,,,onPressed
lib/ui/widgets/dashboard/card_stock_sheet.dart,340,,,onPressed
lib/ui/widgets/dashboard/card_stock_sheet.dart,396,InkWell,,
lib/ui/widgets/dashboard/card_stock_sheet.dart,398,,,onTap
lib/ui/widgets/dashboard/customer_create_sheet.dart,299,TextButton,,
lib/ui/widgets/dashboard/customer_create_sheet.dart,300,,,onPressed
lib/ui/widgets/dashboard/customer_create_sheet.dart,317,,,onPressed
lib/ui/widgets/dashboard/customer_create_sheet.dart,363,TextField,,
lib/ui/widgets/dashboard/customer_create_sheet.dart,371,,,onChanged
lib/ui/widgets/dashboard/customer_create_sheet.dart,393,InkWell,,
lib/ui/widgets/dashboard/customer_create_sheet.dart,395,,,onTap
lib/ui/widgets/dashboard/direct_sale_sheet.dart,300,IconButton,,
lib/ui/widgets/dashboard/direct_sale_sheet.dart,302,,,onPressed
lib/ui/widgets/dashboard/direct_sale_sheet.dart,341,TextField,,
lib/ui/widgets/dashboard/direct_sale_sheet.dart,369,InkWell,,
lib/ui/widgets/dashboard/direct_sale_sheet.dart,371,,,onTap
lib/ui/widgets/dashboard/direct_sale_sheet.dart,425,InkWell,,
lib/ui/widgets/dashboard/direct_sale_sheet.dart,426,,,onTap
lib/ui/widgets/dashboard/direct_sale_sheet.dart,567,TextField,,
lib/ui/widgets/dashboard/direct_sale_sheet.dart,622,TextField,,
lib/ui/widgets/dashboard/direct_sale_sheet.dart,692,TextButton,,
lib/ui/widgets/dashboard/direct_sale_sheet.dart,693,,,onPressed
lib/ui/widgets/dashboard/direct_sale_sheet.dart,712,,,onPressed
lib/ui/widgets/dashboard/direct_sale_sheet.dart,753,InkWell,,
lib/ui/widgets/dashboard/direct_sale_sheet.dart,755,,,onTap
lib/ui/widgets/dashboard/quick_actions_sheet.dart,64,,,onTap
lib/ui/widgets/dashboard/quick_actions_sheet.dart,70,,,onTap
lib/ui/widgets/dashboard/quick_actions_sheet.dart,77,,,onTap
lib/ui/widgets/dashboard/quick_actions_sheet.dart,84,,,onTap
lib/ui/widgets/dashboard/quick_actions_sheet.dart,91,,,onTap
lib/ui/widgets/dashboard/quick_actions_sheet.dart,98,,,onTap
lib/ui/widgets/dashboard/quick_actions_sheet.dart,150,,,onTap
lib/ui/widgets/dashboard/quick_actions_sheet.dart,161,,,onTap
lib/ui/widgets/dashboard/quick_actions_sheet.dart,205,InkWell,,
lib/ui/widgets/dashboard/quick_actions_sheet.dart,206,,,onTap
lib/ui/widgets/dashboard/sales_period_sheet.dart,293,,,onPressed
lib/ui/widgets/dashboard/theme_mode_sheet.dart,81,InkWell,,
lib/ui/widgets/dashboard/theme_mode_sheet.dart,83,,,onTap
lib/ui/widgets/pos/pos_customer_link_dialog.dart,98,TextButton,,
lib/ui/widgets/pos/pos_customer_link_dialog.dart,99,,,onPressed
lib/ui/widgets/pos/pos_customer_link_dialog.dart,105,FilledButton,,
lib/ui/widgets/pos/pos_customer_link_dialog.dart,106,,,onPressed
lib/ui/screens/account_auth_screen.dart,262,,,onTap
lib/ui/screens/account_auth_screen.dart,270,,,onTap
lib/ui/screens/account_auth_screen.dart,294,InkWell,,
lib/ui/screens/account_auth_screen.dart,295,,,onTap
lib/ui/screens/account_auth_screen.dart,357,TextFormField,,
lib/ui/screens/account_auth_screen.dart,376,TextFormField,,
lib/ui/screens/account_auth_screen.dart,402,TextFormField,,
lib/ui/screens/account_auth_screen.dart,413,IconButton,,
lib/ui/screens/account_auth_screen.dart,415,,,onPressed
lib/ui/screens/account_auth_screen.dart,435,TextFormField,,
lib/ui/screens/account_auth_screen.dart,459,FilledButton,,
lib/ui/screens/account_auth_screen.dart,460,,,onPressed
lib/ui/screens/account_auth_screen.dart,474,TextButton,,
lib/ui/screens/account_auth_screen.dart,475,,,onPressed
lib/ui/screens/account_auth_screen.dart,487,,,onPressed
lib/ui/screens/account_blocked_screen.dart,41,TextButton,,
lib/ui/screens/account_blocked_screen.dart,42,,,onPressed
lib/ui/screens/account_blocked_screen.dart,45,FilledButton,,
lib/ui/screens/account_blocked_screen.dart,46,,,onPressed
lib/ui/screens/account_blocked_screen.dart,163,,,onPressed
lib/ui/screens/account_blocked_screen.dart,179,,,onPressed
lib/ui/screens/account_blocked_screen.dart,187,OutlinedButton,,
lib/ui/screens/account_blocked_screen.dart,188,,,onPressed
lib/ui/screens/account_notifications_screen.dart,58,,,onRefresh
lib/ui/screens/account_notifications_screen.dart,100,TextButton,,
lib/ui/screens/account_notifications_screen.dart,101,,,onPressed
lib/ui/screens/account_notifications_screen.dart,120,,,onTap
lib/ui/screens/activation_screen.dart,73,TextField,,
lib/ui/screens/activation_screen.dart,80,FilledButton,,
lib/ui/screens/activation_screen.dart,81,,,onPressed
lib/ui/screens/broadcast_screen.dart,150,TextField,,
lib/ui/screens/broadcast_screen.dart,157,FilledButton,,
lib/ui/screens/broadcast_screen.dart,158,,,onPressed
lib/ui/screens/broadcast_screen.dart,191,TextField,,
lib/ui/screens/broadcast_screen.dart,199,,,onPressed
lib/ui/screens/broadcast_sheet.dart,214,,,onChanged
lib/ui/screens/broadcast_sheet.dart,230,TextField,,
lib/ui/screens/broadcast_sheet.dart,235,,,onChanged
lib/ui/screens/broadcast_sheet.dart,333,TextButton,,
lib/ui/screens/broadcast_sheet.dart,334,,,onPressed
lib/ui/screens/broadcast_sheet.dart,350,TextField,,
lib/ui/screens/broadcast_sheet.dart,352,,,onChanged
lib/ui/screens/broadcast_sheet.dart,383,CheckboxListTile,,
lib/ui/screens/broadcast_sheet.dart,396,,,onChanged
lib/ui/screens/broadcast_sheet.dart,516,OutlinedButton,,
lib/ui/screens/broadcast_sheet.dart,517,,,onPressed
lib/ui/screens/broadcast_sheet.dart,528,,,onPressed
lib/ui/screens/broadcast_sheet.dart,616,,,onSelected
lib/ui/screens/customer_detail_screen.dart,169,TextField,,
lib/ui/screens/customer_detail_screen.dart,173,,,onChanged
lib/ui/screens/customer_detail_screen.dart,196,TextButton,,
lib/ui/screens/customer_detail_screen.dart,197,,,onPressed
lib/ui/screens/customer_detail_screen.dart,200,FilledButton,,
lib/ui/screens/customer_detail_screen.dart,201,,,onPressed
lib/ui/screens/customer_detail_screen.dart,477,TextField,,
lib/ui/screens/customer_detail_screen.dart,490,TextField,,
lib/ui/screens/customer_detail_screen.dart,500,FilledButton,,
lib/ui/screens/customer_detail_screen.dart,501,,,onPressed
lib/ui/screens/customer_detail_screen.dart,583,IconButton,,
lib/ui/screens/customer_detail_screen.dart,585,,,onPressed
lib/ui/screens/customer_detail_screen.dart,589,IconButton,,
lib/ui/screens/customer_detail_screen.dart,591,,,onPressed
lib/ui/screens/customer_detail_screen.dart,605,IconButton,,
lib/ui/screens/customer_detail_screen.dart,607,,,onPressed
lib/ui/screens/customer_detail_screen.dart,611,IconButton,,
lib/ui/screens/customer_detail_screen.dart,613,,,onPressed
lib/ui/screens/customer_detail_screen.dart,617,IconButton,,
lib/ui/screens/customer_detail_screen.dart,619,,,onPressed
lib/ui/screens/customer_detail_screen.dart,645,,,onRefresh
lib/ui/screens/customer_detail_screen.dart,657,,,onPressed
lib/ui/screens/customer_detail_screen.dart,669,,,onPressed
lib/ui/screens/customer_detail_screen.dart,797,,,onPressed
lib/ui/screens/customer_detail_screen.dart,876,ListTile,,
lib/ui/screens/customer_detail_screen.dart,886,,,onTap
lib/ui/screens/customer_detail_screen.dart,906,TextField,,
lib/ui/screens/customer_detail_screen.dart,916,TextButton,,
lib/ui/screens/customer_detail_screen.dart,917,,,onPressed
lib/ui/screens/customer_detail_screen.dart,920,FilledButton,,
lib/ui/screens/customer_detail_screen.dart,921,,,onPressed
lib/ui/screens/customer_detail_screen.dart,1001,SwitchListTile,,
lib/ui/screens/customer_detail_screen.dart,1006,,,onChanged
lib/ui/screens/customer_detail_screen.dart,1012,TextButton,إضافة,onPressed
lib/ui/screens/customer_detail_screen.dart,1019,ListTile,,
lib/ui/screens/customer_detail_screen.dart,1022,IconButton,icon:Icons.delete_outline,onPressed
lib/ui/screens/customer_detail_screen.dart,1075,TextField,,
lib/ui/screens/customer_detail_screen.dart,1081,TextButton,إلغاء,onPressed
lib/ui/screens/customer_detail_screen.dart,1082,FilledButton,حفظ,onPressed
lib/ui/screens/customers_screen.dart,331,NetHeaderAction,,
lib/ui/screens/customers_screen.dart,334,,,onPressed
lib/ui/screens/customers_screen.dart,336,NetHeaderAction,,
lib/ui/screens/customers_screen.dart,339,,,onPressed
lib/ui/screens/customers_screen.dart,341,NetHeaderAction,,
lib/ui/screens/customers_screen.dart,344,,,onPressed
lib/ui/screens/customers_screen.dart,349,,,onSelected
lib/ui/screens/customers_screen.dart,351,PopupMenuItem,,
lib/ui/screens/customers_screen.dart,356,PopupMenuItem,,
lib/ui/screens/customers_screen.dart,361,PopupMenuItem,,
lib/ui/screens/customers_screen.dart,366,PopupMenuItem,,
lib/ui/screens/customers_screen.dart,381,,,onTap
lib/ui/screens/customers_screen.dart,460,TextField,,
lib/ui/screens/customers_screen.dart,463,,,onSubmitted
lib/ui/screens/customers_screen.dart,466,,,onChanged
lib/ui/screens/customers_screen.dart,480,IconButton,,
lib/ui/screens/customers_screen.dart,483,,,onPressed
lib/ui/screens/customers_screen.dart,559,,,onRefresh
lib/ui/screens/customers_screen.dart,584,TextButton,,
lib/ui/screens/customers_screen.dart,585,,,onPressed
lib/ui/screens/customers_screen.dart,610,,,onTap
lib/ui/screens/customers_screen.dart,611,,,onLongPress
lib/ui/screens/customers_screen.dart,642,,,onSelected
lib/ui/screens/customers_screen.dart,768,InkWell,,
lib/ui/screens/customers_screen.dart,769,,,onTap
lib/ui/screens/customers_screen.dart,854,,,onTap
lib/ui/screens/customers_screen.dart,912,,,onTap
lib/ui/screens/customers_screen.dart,921,,,onTap
lib/ui/screens/customers_screen.dart,1038,ListTile,,
lib/ui/screens/customers_screen.dart,1047,,,onTap
lib/ui/screens/customers_screen.dart,1053,ListTile,,
lib/ui/screens/customers_screen.dart,1066,,,onTap
lib/ui/screens/customers_screen.dart,1071,ListTile,,
lib/ui/screens/customers_screen.dart,1080,,,onTap
lib/ui/screens/dashboard_screen.dart,442,,,onRefresh
lib/ui/screens/dashboard_screen.dart,488,,,onTap
lib/ui/screens/dashboard_screen.dart,497,,,onTap
lib/ui/screens/dashboard_screen.dart,521,,,onTap
lib/ui/screens/dashboard_screen.dart,527,,,onTap
lib/ui/screens/dashboard_screen.dart,534,,,onTap
lib/ui/screens/dashboard_screen.dart,540,,,onTap
lib/ui/screens/dashboard_screen.dart,560,,,onTap
lib/ui/screens/dashboard_screen.dart,570,,,onTap
lib/ui/screens/dashboard_screen.dart,610,,,onTap
lib/ui/screens/dashboard_screen.dart,683,,,onTap
lib/ui/screens/dashboard_screen.dart,692,,,onTap
lib/ui/screens/dashboard_screen.dart,719,InkWell,,
lib/ui/screens/dashboard_screen.dart,720,,,onTap
lib/ui/screens/failed_messages_screen.dart,100,TextButton,,
lib/ui/screens/failed_messages_screen.dart,101,,,onPressed
lib/ui/screens/failed_messages_screen.dart,104,FilledButton,,
lib/ui/screens/failed_messages_screen.dart,105,,,onPressed
lib/ui/screens/failed_messages_screen.dart,150,,,onPressed
lib/ui/screens/failed_messages_screen.dart,175,,,onRefresh
lib/ui/screens/failed_messages_screen.dart,256,,,onPressed
lib/ui/screens/help_center_screen.dart,347,IconButton,,
lib/ui/screens/help_center_screen.dart,349,,,onPressed
lib/ui/screens/help_center_screen.dart,364,,,onPressed
lib/ui/screens/help_center_screen.dart,382,TextField,,
lib/ui/screens/help_center_screen.dart,384,,,onChanged
lib/ui/screens/help_center_screen.dart,401,IconButton,,
lib/ui/screens/help_center_screen.dart,403,,,onPressed
lib/ui/screens/help_center_screen.dart,465,,,onSelected
lib/ui/screens/help_center_screen.dart,495,,,onSelected
lib/ui/screens/help_center_screen.dart,619,InkWell,,
lib/ui/screens/help_center_screen.dart,621,,,onTap
lib/ui/screens/inventory_categories_sheet.dart,29,,,onChanged
lib/ui/screens/inventory_categories_sheet.dart,154,,,onPressed
lib/ui/screens/inventory_categories_sheet.dart,178,InkWell,,
lib/ui/screens/inventory_categories_sheet.dart,180,,,onTap
lib/ui/screens/inventory_categories_sheet.dart,213,,,onSelected
lib/ui/screens/inventory_categories_sheet.dart,218,PopupMenuItem,تعديل,
lib/ui/screens/inventory_categories_sheet.dart,219,PopupMenuItem,,
lib/ui/screens/inventory_categories_sheet.dart,292,TextField,,
lib/ui/screens/inventory_categories_sheet.dart,294,TextField,,
lib/ui/screens/inventory_categories_sheet.dart,302,TextField,,
lib/ui/screens/inventory_categories_sheet.dart,316,SwitchListTile,,
lib/ui/screens/inventory_categories_sheet.dart,320,,,onChanged
lib/ui/screens/inventory_categories_sheet.dart,330,TextButton,إلغاء,onPressed
lib/ui/screens/inventory_categories_sheet.dart,331,FilledButton,,
lib/ui/screens/inventory_categories_sheet.dart,332,,,onPressed
lib/ui/screens/inventory_screen.dart,187,,,onChanged
lib/ui/screens/inventory_screen.dart,196,,,onChanged
lib/ui/screens/inventory_screen.dart,320,ListTile,,
lib/ui/screens/inventory_screen.dart,324,,,onTap
lib/ui/screens/inventory_screen.dart,329,ListTile,,
lib/ui/screens/inventory_screen.dart,333,,,onTap
lib/ui/screens/inventory_screen.dart,338,ListTile,,
lib/ui/screens/inventory_screen.dart,341,,,onTap
lib/ui/screens/inventory_screen.dart,373,NetHeaderAction,,
lib/ui/screens/inventory_screen.dart,377,,,onPressed
lib/ui/screens/inventory_screen.dart,381,NetHeaderAction,,
lib/ui/screens/inventory_screen.dart,384,,,onPressed
lib/ui/screens/inventory_screen.dart,394,NetHeaderAction,,
lib/ui/screens/inventory_screen.dart,397,,,onPressed
lib/ui/screens/inventory_screen.dart,399,NetHeaderAction,,
lib/ui/screens/inventory_screen.dart,402,,,onPressed
lib/ui/screens/inventory_screen.dart,414,,,onPressed
lib/ui/screens/inventory_screen.dart,429,,,onPressed
lib/ui/screens/inventory_screen.dart,447,,,onPressed
lib/ui/screens/inventory_screen.dart,466,,,onPressed
lib/ui/screens/inventory_screen.dart,481,,,onPressed
lib/ui/screens/inventory_screen.dart,559,,,onSelected
lib/ui/screens/inventory_screen.dart,579,TextField,,
lib/ui/screens/inventory_screen.dart,581,,,onChanged
lib/ui/screens/inventory_screen.dart,596,IconButton,,
lib/ui/screens/inventory_screen.dart,603,,,onPressed
lib/ui/screens/inventory_screen.dart,639,,,onRefresh
lib/ui/screens/inventory_screen.dart,658,TextButton,,
lib/ui/screens/inventory_screen.dart,659,,,onPressed
lib/ui/screens/inventory_screen.dart,672,,,onTap
lib/ui/screens/inventory_screen.dart,673,,,onLongPress
lib/ui/screens/inventory_screen.dart,778,,,onTap
lib/ui/screens/inventory_screen.dart,779,,,onLongPress
lib/ui/screens/inventory_screen.dart,888,IconButton,,
lib/ui/screens/inventory_screen.dart,891,,,onPressed
lib/ui/screens/inventory_sheets.dart,152,OutlinedButton,,
lib/ui/screens/inventory_sheets.dart,153,,,onPressed
lib/ui/screens/inventory_sheets.dart,167,,,onPressed
lib/ui/screens/inventory_sheets.dart,613,,,onChanged
lib/ui/screens/inventory_sheets.dart,647,TextField,,
lib/ui/screens/inventory_sheets.dart,650,TextField,,
lib/ui/screens/inventory_sheets.dart,653,TextField,,
lib/ui/screens/inventory_sheets.dart,657,,,onChanged
lib/ui/screens/inventory_sheets.dart,688,,,onPressed
lib/ui/screens/inventory_sheets.dart,699,,,onPressed
lib/ui/screens/inventory_sheets.dart,717,FilledButton,,
lib/ui/screens/inventory_sheets.dart,718,,,onPressed
lib/ui/screens/messages_screen.dart,76,TextField,,
lib/ui/screens/messages_screen.dart,81,TextField,,
lib/ui/screens/messages_screen.dart,87,FilledButton,,
lib/ui/screens/messages_screen.dart,88,,,onPressed
lib/ui/screens/offers_reward_template_sheet.dart,2084,TextButton,إلغاء,onPressed
lib/ui/screens/offers_reward_template_sheet.dart,2085,FilledButton,إرسال,onPressed
lib/ui/screens/offers_reward_template_sheet.dart,2246,TextField,,
lib/ui/screens/offers_reward_template_sheet.dart,2287,SwitchListTile,,
lib/ui/screens/offers_reward_template_sheet.dart,2290,,,onChanged
lib/ui/screens/offers_reward_template_sheet.dart,2319,,,onChanged
lib/ui/screens/offers_reward_template_sheet.dart,2322,SwitchListTile,,
lib/ui/screens/offers_reward_template_sheet.dart,2325,,,onChanged
lib/ui/screens/offers_reward_template_sheet.dart,2344,,,onPressed
lib/ui/screens/offers_reward_template_sheet.dart,2356,,,onPressed
lib/ui/screens/offers_reward_template_sheet.dart,2370,,,onPressed
lib/ui/screens/offers_reward_template_sheet.dart,2382,,,onPressed
lib/ui/screens/offers_reward_template_sheet.dart,2394,,,onPressed
lib/ui/screens/offers_reward_template_sheet.dart,2407,TextField,,
lib/ui/screens/offers_reward_template_sheet.dart,2420,,,onPressed
lib/ui/screens/offers_reward_template_sheet.dart,2434,,,onPressed
lib/ui/screens/offers_reward_template_sheet.dart,2446,,,onPressed
lib/ui/screens/offers_reward_template_sheet.dart,2458,,,onPressed
lib/ui/screens/offers_reward_template_sheet.dart,2470,,,onPressed
lib/ui/screens/offers_reward_template_sheet.dart,2483,TextField,,
lib/ui/screens/offers_reward_template_sheet.dart,2496,,,onPressed
lib/ui/screens/offers_reward_template_sheet.dart,2511,TextField,,
lib/ui/screens/offers_reward_template_sheet.dart,2524,,,onPressed
lib/ui/screens/offers_reward_template_sheet.dart,2539,,,onPressed
lib/ui/screens/offers_reward_template_sheet.dart,2550,,,onPressed
lib/ui/screens/offers_reward_template_sheet.dart,2561,,,onPressed
lib/ui/screens/offers_reward_template_sheet.dart,2572,,,onPressed
lib/ui/screens/offers_reward_template_sheet.dart,2583,,,onPressed
lib/ui/screens/offers_reward_template_sheet.dart,2597,,,onPressed
lib/ui/screens/offers_reward_template_sheet.dart,2609,TextField,,
lib/ui/screens/offers_reward_template_sheet.dart,2643,,,onPressed
lib/ui/screens/offers_reward_template_sheet.dart,2651,,,onPressed
lib/ui/screens/offers_screen.dart,163,,,onPressed
lib/ui/screens/offers_screen.dart,208,TextButton,,
lib/ui/screens/offers_screen.dart,209,,,onPressed
lib/ui/screens/offers_screen.dart,212,FilledButton,,
lib/ui/screens/offers_screen.dart,213,,,onPressed
lib/ui/screens/offers_screen.dart,276,NetHeaderAction,,
lib/ui/screens/offers_screen.dart,279,,,onPressed
lib/ui/screens/offers_screen.dart,287,NetHeaderAction,,
lib/ui/screens/offers_screen.dart,290,,,onPressed
lib/ui/screens/offers_screen.dart,314,Tab,,
lib/ui/screens/offers_screen.dart,315,Tab,,
lib/ui/screens/offers_screen.dart,329,,,onRefresh
lib/ui/screens/offers_screen.dart,334,,,onRefresh
lib/ui/screens/offers_screen.dart,445,,,onSelected
lib/ui/screens/offers_screen.dart,453,PopupMenuItem,تعديل,
lib/ui/screens/offers_screen.dart,454,PopupMenuItem,قالب المكافأة,
lib/ui/screens/offers_screen.dart,455,PopupMenuItem,,
lib/ui/screens/offers_screen.dart,459,PopupMenuItem,,
lib/ui/screens/offers_screen.dart,463,PopupMenuItem,حذف,
lib/ui/screens/offers_screen.dart,518,TextField,,
lib/ui/screens/offers_screen.dart,526,,,onSubmitted
lib/ui/screens/offers_screen.dart,529,TextButton,,
lib/ui/screens/offers_screen.dart,530,,,onPressed
lib/ui/screens/offers_screen.dart,533,FilledButton,,
lib/ui/screens/offers_screen.dart,534,,,onPressed
lib/ui/screens/offers_wizard_sheet.dart,166,TextField,,
lib/ui/screens/offers_wizard_sheet.dart,169,,,onSubmitted
lib/ui/screens/offers_wizard_sheet.dart,183,TextField,,
lib/ui/screens/offers_wizard_sheet.dart,209,,,onChanged
lib/ui/screens/offers_wizard_sheet.dart,238,TextField,,
lib/ui/screens/offers_wizard_sheet.dart,320,OutlinedButton,,
lib/ui/screens/offers_wizard_sheet.dart,321,,,onPressed
lib/ui/screens/offers_wizard_sheet.dart,328,FilledButton,,
lib/ui/screens/offers_wizard_sheet.dart,330,,,onPressed
lib/ui/screens/pending_messages_screen.dart,208,TextButton,,
lib/ui/screens/pending_messages_screen.dart,209,,,onPressed
lib/ui/screens/pending_messages_screen.dart,212,FilledButton,,
lib/ui/screens/pending_messages_screen.dart,216,,,onPressed
lib/ui/screens/pending_messages_screen.dart,291,IconButton,,
lib/ui/screens/pending_messages_screen.dart,293,,,onPressed
lib/ui/screens/pending_messages_screen.dart,307,IconButton,,
lib/ui/screens/pending_messages_screen.dart,309,,,onPressed
lib/ui/screens/pending_messages_screen.dart,345,TextButton,,
lib/ui/screens/pending_messages_screen.dart,346,,,onPressed
lib/ui/screens/pending_messages_screen.dart,398,TextField,,
lib/ui/screens/pending_messages_screen.dart,400,,,onChanged
lib/ui/screens/pending_messages_screen.dart,440,,,onRefresh
lib/ui/screens/pending_messages_screen.dart,628,FilledButton,,
lib/ui/screens/pending_messages_screen.dart,629,,,onPressed
lib/ui/screens/pending_messages_screen.dart,641,OutlinedButton,,
lib/ui/screens/pending_messages_screen.dart,642,,,onPressed
lib/ui/screens/pending_messages_screen.dart,655,,,onPressed
lib/ui/screens/pos_screen.dart,302,TextField,,
lib/ui/screens/pos_screen.dart,307,IconButton,,
lib/ui/screens/pos_screen.dart,315,,,onPressed
lib/ui/screens/pos_screen.dart,334,TextField,,
lib/ui/screens/pos_screen.dart,343,TextField,,
lib/ui/screens/pos_screen.dart,364,,,onChanged
lib/ui/screens/pos_screen.dart,381,,,onChanged
lib/ui/screens/pos_screen.dart,418,TextButton,,
lib/ui/screens/pos_screen.dart,419,,,onPressed
lib/ui/screens/pos_screen.dart,425,FilledButton,,
lib/ui/screens/pos_screen.dart,430,,,onPressed
lib/ui/screens/pos_screen.dart,596,ListTile,,
lib/ui/screens/pos_screen.dart,602,,,onTap
lib/ui/screens/pos_screen.dart,607,ListTile,,
lib/ui/screens/pos_screen.dart,617,,,onTap
lib/ui/screens/pos_screen.dart,627,ListTile,,
lib/ui/screens/pos_screen.dart,637,,,onTap
lib/ui/screens/pos_screen.dart,643,ListTile,,
lib/ui/screens/pos_screen.dart,649,,,onTap
lib/ui/screens/pos_screen.dart,654,ListTile,,
lib/ui/screens/pos_screen.dart,668,,,onTap
lib/ui/screens/pos_screen.dart,738,IconButton,,
lib/ui/screens/pos_screen.dart,740,,,onPressed
lib/ui/screens/pos_screen.dart,783,TextField,,
lib/ui/screens/pos_screen.dart,802,,,onRefresh
lib/ui/screens/pos_screen.dart,811,,,onPressed
lib/ui/screens/pos_screen.dart,865,IconButton,,
lib/ui/screens/pos_screen.dart,871,,,onPressed
lib/ui/screens/pos_screen.dart,876,,,onChanged
lib/ui/screens/pos_screen.dart,906,InkWell,,
lib/ui/screens/pos_screen.dart,908,,,onTap
lib/ui/screens/rejected_messages_screen.dart,210,TextButton,,
lib/ui/screens/rejected_messages_screen.dart,211,,,onPressed
lib/ui/screens/rejected_messages_screen.dart,214,FilledButton,,
lib/ui/screens/rejected_messages_screen.dart,215,,,onPressed
lib/ui/screens/rejected_messages_screen.dart,329,IconButton,,
lib/ui/screens/rejected_messages_screen.dart,331,,,onPressed
lib/ui/screens/rejected_messages_screen.dart,344,IconButton,,
lib/ui/screens/rejected_messages_screen.dart,346,,,onPressed
lib/ui/screens/rejected_messages_screen.dart,354,IconButton,,
lib/ui/screens/rejected_messages_screen.dart,356,,,onPressed
lib/ui/screens/rejected_messages_screen.dart,401,,,onSelected
lib/ui/screens/rejected_messages_screen.dart,417,TextField,,
lib/ui/screens/rejected_messages_screen.dart,419,,,onChanged
lib/ui/screens/rejected_messages_screen.dart,461,,,onRefresh
lib/ui/screens/rejected_messages_screen.dart,531,,,onRefresh
lib/ui/screens/rejected_messages_screen.dart,794,,,onPressed
lib/ui/screens/rejected_messages_screen.dart,816,,,onPressed
lib/ui/screens/rejected_messages_screen.dart,834,,,onPressed
lib/ui/screens/reports_screen.dart,127,,,onRefresh
lib/ui/screens/reports_screen.dart,138,NetHeaderAction,,
lib/ui/screens/reports_screen.dart,141,,,onPressed
lib/ui/screens/reports_screen.dart,143,IconButton,,
lib/ui/screens/reports_screen.dart,146,,,onPressed
lib/ui/screens/reports_screen.dart,165,,,onTap
lib/ui/screens/reports_screen.dart,176,,,onTap
lib/ui/screens/reports_screen.dart,187,,,onTap
lib/ui/screens/reports_screen.dart,267,,,onTap
lib/ui/screens/reports_screen.dart,276,,,onTap
lib/ui/screens/reports_screen.dart,284,,,onTap
lib/ui/screens/reports_screen.dart,299,,,onTap
lib/ui/screens/reports_screen.dart,308,,,onTap
lib/ui/screens/reports_screen.dart,321,,,onTap
lib/ui/screens/reports_screen.dart,329,,,onTap
lib/ui/screens/reports_screen.dart,371,InkWell,,
lib/ui/screens/reports_screen.dart,372,,,onTap
lib/ui/screens/reports_screen.dart,486,,,onTap
lib/ui/screens/sold_cards_sheet.dart,34,,,onChanged
lib/ui/screens/sold_cards_sheet.dart,258,TextButton,إلغاء,onPressed
lib/ui/screens/sold_cards_sheet.dart,259,FilledButton,تأكيد,onPressed
lib/ui/screens/sold_cards_sheet.dart,326,IconButton,,
lib/ui/screens/sold_cards_sheet.dart,328,,,onPressed
lib/ui/screens/sold_cards_sheet.dart,331,IconButton,,
lib/ui/screens/sold_cards_sheet.dart,333,,,onPressed
lib/ui/screens/sold_cards_sheet.dart,337,IconButton,,
lib/ui/screens/sold_cards_sheet.dart,339,,,onPressed
lib/ui/screens/sold_cards_sheet.dart,349,TextField,,
lib/ui/screens/sold_cards_sheet.dart,358,,,onSubmitted
lib/ui/screens/sold_cards_sheet.dart,361,TextField,,
lib/ui/screens/sold_cards_sheet.dart,370,,,onSubmitted
lib/ui/screens/sold_cards_sheet.dart,393,,,onChanged
lib/ui/screens/sold_cards_sheet.dart,419,,,onChanged
lib/ui/screens/sold_cards_sheet.dart,426,OutlinedButton,,
lib/ui/screens/sold_cards_sheet.dart,427,,,onPressed
lib/ui/screens/sold_cards_sheet.dart,434,OutlinedButton,,
lib/ui/screens/sold_cards_sheet.dart,435,,,onPressed
lib/ui/screens/sold_cards_sheet.dart,446,TextButton,,
lib/ui/screens/sold_cards_sheet.dart,447,,,onPressed
lib/ui/screens/sold_cards_sheet.dart,478,InkWell,,
lib/ui/screens/sold_cards_sheet.dart,479,,,onLongPress
lib/ui/screens/sold_cards_sheet.dart,486,,,onTap
lib/ui/screens/system_check_screen.dart,157,IconButton,,
lib/ui/screens/system_check_screen.dart,159,,,onPressed
lib/ui/screens/system_check_screen.dart,179,,,onRefresh
lib/ui/screens/system_check_screen.dart,362,,,onPressed
lib/ui/screens/transactions_log_screen.dart,207,IconButton,,
lib/ui/screens/transactions_log_screen.dart,209,,,onPressed
lib/ui/screens/transactions_log_screen.dart,218,IconButton,,
lib/ui/screens/transactions_log_screen.dart,220,,,onPressed
lib/ui/screens/transactions_log_screen.dart,223,IconButton,,
lib/ui/screens/transactions_log_screen.dart,225,,,onPressed
lib/ui/screens/transactions_log_screen.dart,239,TextField,,
lib/ui/screens/transactions_log_screen.dart,241,,,onChanged
lib/ui/screens/transactions_log_screen.dart,253,IconButton,,
lib/ui/screens/transactions_log_screen.dart,255,,,onPressed
lib/ui/screens/transactions_log_screen.dart,306,,,onPressed
lib/ui/screens/transactions_log_screen.dart,343,,,onRefresh
lib/ui/screens/transactions_log_screen.dart,391,,,onTap
lib/ui/screens/transactions_log_screen.dart,425,,,onSelected
lib/ui/screens/transactions_log_screen.dart,541,ListTile,,
lib/ui/screens/transactions_log_screen.dart,548,,,onTap
lib/ui/screens/transactions_log_screen.dart,550,ListTile,,
lib/ui/screens/transactions_log_screen.dart,557,,,onTap
lib/ui/screens/transactions_log_screen.dart,712,,,onTap
lib/ui/screens/transactions_log_screen.dart,895,,,onSelected
lib/ui/screens/transactions_log_screen.dart,926,OutlinedButton,,
lib/ui/screens/transactions_log_screen.dart,927,,,onPressed
lib/ui/screens/transactions_log_screen.dart,934,FilledButton,,
lib/ui/screens/transactions_log_screen.dart,935,,,onPressed
lib/ui/screens/transactions_log_screen.dart,1030,ListTile,,
lib/ui/screens/transactions_log_screen.dart,1039,,,onTap
lib/ui/screens/transactions_log_screen.dart,1041,ListTile,,
lib/ui/screens/transactions_log_screen.dart,1050,,,onTap
lib/ui/screens/transactions_log_screen.dart,1056,OutlinedButton,,
lib/ui/screens/transactions_log_screen.dart,1057,,,onPressed
lib/ui/screens/transactions_log_screen.dart,1067,FilledButton,,
lib/ui/screens/transactions_log_screen.dart,1068,,,onPressed
lib/ui/screens/wallets_screen.dart,178,TextField,,
lib/ui/screens/wallets_screen.dart,188,TextField,,
lib/ui/screens/wallets_screen.dart,206,,,onSelected
lib/ui/screens/wallets_screen.dart,214,,,onSelected
lib/ui/screens/wallets_screen.dart,222,TextField,,
lib/ui/screens/wallets_screen.dart,236,TextButton,,
lib/ui/screens/wallets_screen.dart,237,,,onPressed
lib/ui/screens/wallets_screen.dart,243,FilledButton,,
lib/ui/screens/wallets_screen.dart,247,,,onPressed
lib/ui/screens/wallets_screen.dart,344,ListTile,,
lib/ui/screens/wallets_screen.dart,347,,,onTap
lib/ui/screens/wallets_screen.dart,352,ListTile,,
lib/ui/screens/wallets_screen.dart,355,,,onTap
lib/ui/screens/wallets_screen.dart,364,ListTile,,
lib/ui/screens/wallets_screen.dart,376,,,onTap
lib/ui/screens/wallets_screen.dart,435,TextField,,
lib/ui/screens/wallets_screen.dart,457,,,onPressed
lib/ui/screens/wallets_screen.dart,478,,,onRefresh
lib/ui/screens/wallets_screen.dart,502,IconButton,,
lib/ui/screens/wallets_screen.dart,508,,,onPressed
lib/ui/screens/wallets_screen.dart,513,,,onChanged
lib/ui/screens/settings/backup_restore_screen.dart,131,TextButton,إلغاء,onPressed
lib/ui/screens/settings/backup_restore_screen.dart,132,FilledButton,استعادة,onPressed
lib/ui/screens/settings/backup_restore_screen.dart,209,TextFormField,,
lib/ui/screens/settings/backup_restore_screen.dart,227,TextFormField,,
lib/ui/screens/settings/backup_restore_screen.dart,245,TextButton,إلغاء,onPressed
lib/ui/screens/settings/backup_restore_screen.dart,246,FilledButton,,
lib/ui/screens/settings/backup_restore_screen.dart,247,,,onPressed
lib/ui/screens/settings/backup_restore_screen.dart,277,IconButton,,
lib/ui/screens/settings/backup_restore_screen.dart,279,,,onPressed
lib/ui/screens/settings/backup_restore_screen.dart,332,,,onPressed
lib/ui/screens/settings/backup_restore_screen.dart,344,,,onPressed
lib/ui/screens/settings/backup_restore_screen.dart,399,,,onTap
lib/ui/screens/settings/battery_settings_screen.dart,77,ListTile,,
lib/ui/screens/settings/battery_settings_screen.dart,110,IconButton,,
lib/ui/screens/settings/battery_settings_screen.dart,112,,,onPressed
lib/ui/screens/settings/battery_settings_screen.dart,154,,,onPressed
lib/ui/screens/settings/battery_settings_screen.dart,166,,,onPressed
lib/ui/screens/settings/battery_settings_screen.dart,176,,,onPressed
lib/ui/screens/settings/battery_settings_screen.dart,246,,,onChanged
lib/ui/screens/settings/battery_settings_screen.dart,250,FilledButton,,
lib/ui/screens/settings/battery_settings_screen.dart,251,,,onPressed
lib/ui/screens/settings/blocked_numbers_screen.dart,108,TextField,,
lib/ui/screens/settings/blocked_numbers_screen.dart,118,,,onSubmitted
lib/ui/screens/settings/blocked_numbers_screen.dart,122,FilledButton,,
lib/ui/screens/settings/blocked_numbers_screen.dart,123,,,onPressed
lib/ui/screens/settings/blocked_numbers_screen.dart,143,ListTile,,
lib/ui/screens/settings/blocked_numbers_screen.dart,148,IconButton,,
lib/ui/screens/settings/blocked_numbers_screen.dart,151,,,onPressed
lib/ui/screens/settings/clean_logs_screen.dart,96,TextButton,,
lib/ui/screens/settings/clean_logs_screen.dart,97,,,onPressed
lib/ui/screens/settings/clean_logs_screen.dart,100,FilledButton,,
lib/ui/screens/settings/clean_logs_screen.dart,101,,,onPressed
lib/ui/screens/settings/clean_logs_screen.dart,152,,,onRefresh
lib/ui/screens/settings/clean_logs_screen.dart,225,,,onPressed
lib/ui/screens/settings/clean_logs_screen.dart,249,,,onPressed
lib/ui/screens/settings/commission_billing_screen.dart,123,IconButton,,
lib/ui/screens/settings/commission_billing_screen.dart,125,,,onPressed
lib/ui/screens/settings/deep_clean_screen.dart,37,TextButton,إلغاء,onPressed
lib/ui/screens/settings/deep_clean_screen.dart,38,FilledButton,,
lib/ui/screens/settings/deep_clean_screen.dart,40,,,onPressed
lib/ui/screens/settings/deep_clean_screen.dart,80,IconButton,,
lib/ui/screens/settings/deep_clean_screen.dart,82,,,onPressed
lib/ui/screens/settings/deep_clean_screen.dart,191,,,onPressed
lib/ui/screens/settings/device_verification_screen.dart,98,TextField,,
lib/ui/screens/settings/device_verification_screen.dart,106,TextButton,إلغاء,onPressed
lib/ui/screens/settings/device_verification_screen.dart,107,TextButton,,
lib/ui/screens/settings/device_verification_screen.dart,108,,,onPressed
lib/ui/screens/settings/device_verification_screen.dart,126,IconButton,,
lib/ui/screens/settings/device_verification_screen.dart,128,,,onPressed
lib/ui/screens/settings/device_verification_screen.dart,317,,,onPressed
lib/ui/screens/settings/device_verification_screen.dart,322,,,onPressed
lib/ui/screens/settings/device_verification_screen.dart,327,,,onPressed
lib/ui/screens/settings/export_ledger_screen.dart,71,IconButton,,
lib/ui/screens/settings/export_ledger_screen.dart,73,,,onPressed
lib/ui/screens/settings/low_stock_settings_screen.dart,144,TextButton,,
lib/ui/screens/settings/low_stock_settings_screen.dart,145,,,onPressed
lib/ui/screens/settings/low_stock_settings_screen.dart,157,TextField,,
lib/ui/screens/settings/low_stock_settings_screen.dart,167,FilledButton,,
lib/ui/screens/settings/low_stock_settings_screen.dart,168,,,onPressed
lib/ui/screens/settings/network_name_settings_screen.dart,112,TextField,,
lib/ui/screens/settings/network_name_settings_screen.dart,117,,,onSubmitted
lib/ui/screens/settings/network_name_settings_screen.dart,132,FilledButton,,
lib/ui/screens/settings/network_name_settings_screen.dart,133,,,onPressed
lib/ui/screens/settings/outbound_message_templates_screen.dart,395,,,onPressed
lib/ui/screens/settings/outbound_message_templates_screen.dart,581,,,onChanged
lib/ui/screens/settings/outbound_message_templates_screen.dart,599,,,onChanged
lib/ui/screens/settings/outbound_message_templates_screen.dart,601,SwitchListTile,,
lib/ui/screens/settings/outbound_message_templates_screen.dart,604,,,onChanged
lib/ui/screens/settings/outbound_message_templates_screen.dart,609,TextField,,
lib/ui/screens/settings/outbound_message_templates_screen.dart,611,TextField,,onChanged
lib/ui/screens/settings/outbound_message_templates_screen.dart,625,,,onPressed
lib/ui/screens/settings/outbound_message_templates_screen.dart,656,TextButton,إلغاء,onPressed
lib/ui/screens/settings/outbound_message_templates_screen.dart,657,FilledButton,,onPressed
lib/ui/screens/settings/outbound_message_templates_screen.dart,695,TextButton,إلغاء,onPressed
lib/ui/screens/settings/outbound_message_templates_screen.dart,696,FilledButton,بدء الإصلاح,onPressed
lib/ui/screens/settings/outbound_message_templates_screen.dart,715,ListTile,تعديل القالب,onTap
lib/ui/screens/settings/outbound_message_templates_screen.dart,717,ListTile,,onTap
lib/ui/screens/settings/outbound_message_templates_screen.dart,719,ListTile,تغيير القالب الذي يستبدله,onTap
lib/ui/screens/settings/outbound_message_templates_screen.dart,721,ListTile,استعادة الافتراضي,onTap
lib/ui/screens/settings/outbound_message_templates_screen.dart,723,ListTile,حذف القالب,onTap
lib/ui/screens/settings/outbound_message_templates_screen.dart,778,InkWell,,onTap
lib/ui/screens/settings/outbound_message_templates_screen.dart,783,IconButton,icon:Icons.more_vert_rounded,onPressed
lib/ui/screens/settings/outbound_message_templates_screen.dart,805,InkWell,,
lib/ui/screens/settings/outbound_message_templates_screen.dart,807,,,onTap
lib/ui/screens/settings/outbound_message_templates_screen.dart,865,IconButton,إصلاح القوالب,onPressed
lib/ui/screens/settings/outbound_message_templates_screen.dart,873,Tab,,
lib/ui/screens/settings/outbound_message_templates_screen.dart,877,,قالب جديد,onPressed
lib/ui/screens/settings/outbound_message_templates_screen.dart,884,TextField,,
lib/ui/screens/settings/outbound_message_templates_screen.dart,893,IconButton,,
lib/ui/screens/settings/outbound_message_templates_screen.dart,896,,,onPressed
lib/ui/screens/settings/promotion_reward_template_screen.dart,90,TextField,,
lib/ui/screens/settings/promotion_reward_template_screen.dart,101,,,onPressed
lib/ui/screens/settings/renew_subscription_screen.dart,113,FilledButton,,
lib/ui/screens/settings/renew_subscription_screen.dart,114,,,onPressed
lib/ui/screens/settings/renew_subscription_screen.dart,118,OutlinedButton,,
lib/ui/screens/settings/renew_subscription_screen.dart,119,,,onPressed
lib/ui/screens/settings/settings_hub_screen.dart,110,TextField,,
lib/ui/screens/settings/settings_hub_screen.dart,112,,,onChanged
lib/ui/screens/settings/settings_hub_screen.dart,120,IconButton,,
lib/ui/screens/settings/settings_hub_screen.dart,123,,,onPressed
lib/ui/screens/settings/settings_hub_screen.dart,192,TextField,,
lib/ui/screens/settings/settings_hub_screen.dart,199,TextButton,إلغاء,onPressed
lib/ui/screens/settings/settings_hub_screen.dart,200,FilledButton,,
lib/ui/screens/settings/settings_hub_screen.dart,201,,,onPressed
lib/ui/screens/settings/settings_hub_screen.dart,270,TextButton,,
lib/ui/screens/settings/settings_hub_screen.dart,271,,,onPressed
lib/ui/screens/settings/settings_hub_screen.dart,274,FilledButton,,
lib/ui/screens/settings/settings_hub_screen.dart,275,,,onPressed
lib/ui/screens/settings/settings_hub_screen.dart,306,,,onRefresh
lib/ui/screens/settings/settings_hub_screen.dart,326,,,onChanged
lib/ui/screens/settings/settings_hub_screen.dart,327,,معالجة مبالغ الفئات فقط,onChanged
lib/ui/screens/settings/settings_hub_screen.dart,328,,معالجة الرسائل القديمة (عند التوقف),onChanged
lib/ui/screens/settings/settings_hub_screen.dart,329,,تنبيه العمليات التي تتطلب تدخلاً,onChanged
lib/ui/screens/settings/settings_hub_screen.dart,330,SettingsGroupNavRow,تنبيهات انخفاض مخزون الكروت,onTap
lib/ui/screens/settings/settings_hub_screen.dart,331,SettingsGroupNavRow,شرائح الاتصال,onTap
lib/ui/screens/settings/settings_hub_screen.dart,332,SettingsGroupNavRow,فحص النظام,onTap
lib/ui/screens/settings/settings_hub_screen.dart,337,SettingsGroupNavRow,قوالب الرسائل,onTap
lib/ui/screens/settings/settings_hub_screen.dart,338,SettingsGroupNavRow,محاكاة القوالب,onTap
lib/ui/screens/settings/settings_hub_screen.dart,339,,خدمة سلفني,onChanged
lib/ui/screens/settings/settings_hub_screen.dart,344,SettingsGroupNavRow,إدارة المحافظ,onTap
lib/ui/screens/settings/settings_hub_screen.dart,345,SettingsGroupNavRow,نقاط البيع,onTap
lib/ui/screens/settings/settings_hub_screen.dart,346,SettingsGroupNavRow,إشعارات المحافظ,onTap
lib/ui/screens/settings/settings_hub_screen.dart,347,,طلبات رصيد نقاط البيع,onChanged
lib/ui/screens/settings/settings_hub_screen.dart,348,SettingsGroupNavRow,الحد اليومي لطلبات رصيد نقاط البيع,onTap
lib/ui/screens/settings/settings_hub_screen.dart,349,,ملخص العمليات اليومي,onChanged
lib/ui/screens/settings/settings_hub_screen.dart,350,,التسوية التلقائية,onChanged
lib/ui/screens/settings/settings_hub_screen.dart,355,SettingsGroupNavRow,الوضع الداكن,onTap
lib/ui/screens/settings/settings_hub_screen.dart,360,SettingsGroupNavRow,,
lib/ui/screens/settings/settings_hub_screen.dart,365,,,onTap
lib/ui/screens/settings/settings_hub_screen.dart,367,SettingsGroupNavRow,تنظيف السجلات,onTap
lib/ui/screens/settings/settings_hub_screen.dart,368,SettingsGroupNavRow,تنظيف عميق للنظام,onTap
lib/ui/screens/settings/settings_hub_screen.dart,369,SettingsGroupNavRow,تصدير السجل,onTap
lib/ui/screens/settings/settings_hub_screen.dart,397,IconButton,icon:Icons.arrow_forward_rounded,onPressed
lib/ui/screens/settings/sim_settings_screen.dart,173,,,onChanged
lib/ui/screens/settings/sim_settings_screen.dart,193,,,onChanged
lib/ui/screens/settings/sim_settings_screen.dart,212,,,onChanged
lib/ui/screens/settings/sim_settings_screen.dart,227,,,onChanged
lib/ui/screens/settings/sim_settings_screen.dart,232,FilledButton,,
lib/ui/screens/settings/sim_settings_screen.dart,236,,,onPressed
lib/ui/screens/settings/template_performance_screen.dart,68,,,onRefresh
lib/ui/screens/settings/template_performance_screen.dart,106,ListTile,,
lib/ui/screens/settings/template_simulation_screen.dart,138,TextField,,
lib/ui/screens/settings/template_simulation_screen.dart,158,,,onChanged
lib/ui/screens/settings/template_simulation_screen.dart,165,,,onPressed
lib/ui/screens/settings/template_simulation_screen.dart,174,,,onPressed
lib/ui/screens/settings/template_wizard_screen.dart,354,,,onPressed
lib/ui/screens/settings/template_wizard_screen.dart,410,IconButton,,
lib/ui/screens/settings/template_wizard_screen.dart,412,,,onPressed
lib/ui/screens/settings/template_wizard_screen.dart,441,OutlinedButton,,
lib/ui/screens/settings/template_wizard_screen.dart,442,,,onPressed
lib/ui/screens/settings/template_wizard_screen.dart,449,FilledButton,,
lib/ui/screens/settings/template_wizard_screen.dart,450,,,onPressed
lib/ui/screens/settings/template_wizard_screen.dart,504,,,onChanged
lib/ui/screens/settings/template_wizard_screen.dart,525,,,onChanged
lib/ui/screens/settings/template_wizard_screen.dart,537,TextField,,
lib/ui/screens/settings/template_wizard_screen.dart,544,TextField,,
lib/ui/screens/settings/template_wizard_screen.dart,551,TextField,,
lib/ui/screens/settings/template_wizard_screen.dart,556,,,onChanged
lib/ui/screens/settings/template_wizard_screen.dart,580,TextField,,
lib/ui/screens/settings/template_wizard_screen.dart,587,TextField,,
lib/ui/screens/settings/template_wizard_screen.dart,628,TextField,,
lib/ui/screens/settings/template_wizard_screen.dart,690,,,onTap
lib/ui/screens/settings/template_wizard_screen.dart,712,InkWell,,
lib/ui/screens/settings/template_wizard_screen.dart,714,,,onTap
lib/ui/screens/settings/template_wizard_screen.dart,941,TextField,,
lib/ui/screens/settings/template_wizard_screen.dart,961,,,onChanged
lib/ui/screens/settings/template_wizard_screen.dart,1093,InkWell,,
lib/ui/screens/settings/template_wizard_screen.dart,1094,,,onTap
lib/ui/screens/settings/template_wizard_screen.dart,1151,InkWell,,
lib/ui/screens/settings/template_wizard_screen.dart,1153,,,onTap
lib/ui/screens/settings/templates_screen.dart,181,TextButton,,
lib/ui/screens/settings/templates_screen.dart,182,,,onPressed
lib/ui/screens/settings/templates_screen.dart,185,FilledButton,,
lib/ui/screens/settings/templates_screen.dart,186,,,onPressed
lib/ui/screens/settings/templates_screen.dart,282,TextButton,,
lib/ui/screens/settings/templates_screen.dart,283,,,onPressed
lib/ui/screens/settings/templates_screen.dart,286,FilledButton,,
lib/ui/screens/settings/templates_screen.dart,290,,,onPressed
lib/ui/screens/settings/templates_screen.dart,382,,,onPressed
lib/ui/screens/settings/templates_screen.dart,419,ListTile,,
lib/ui/screens/settings/templates_screen.dart,431,,,onTap
lib/ui/screens/settings/templates_screen.dart,436,ListTile,,
lib/ui/screens/settings/templates_screen.dart,449,,,onTap
lib/ui/screens/settings/templates_screen.dart,481,IconButton,,
lib/ui/screens/settings/templates_screen.dart,483,,,onPressed
lib/ui/screens/settings/templates_screen.dart,518,,,onSelected
lib/ui/screens/settings/templates_screen.dart,520,PopupMenuItem,,
lib/ui/screens/settings/templates_screen.dart,522,ListTile,,
lib/ui/screens/settings/templates_screen.dart,529,PopupMenuItem,,
lib/ui/screens/settings/templates_screen.dart,531,ListTile,,
lib/ui/screens/settings/templates_screen.dart,540,IconButton,,
lib/ui/screens/settings/templates_screen.dart,542,,,onPressed
lib/ui/screens/settings/templates_screen.dart,554,,,onPressed
lib/ui/screens/settings/templates_screen.dart,584,,,onRefresh
lib/ui/screens/settings/templates_screen.dart,653,IconButton,,
lib/ui/screens/settings/templates_screen.dart,654,,,onPressed
lib/ui/screens/settings/templates_screen.dart,666,,,onChanged
lib/ui/screens/settings/wallet_notification_settings_screen.dart,45,TextField,,
lib/ui/screens/settings/wallet_notification_settings_screen.dart,47,TextField,com.example.wallet,
lib/ui/screens/settings/wallet_notification_settings_screen.dart,51,TextButton,إلغاء,onPressed
lib/ui/screens/settings/wallet_notification_settings_screen.dart,90,TextButton,إلغاء,onPressed
lib/ui/screens/settings/wallet_notification_settings_screen.dart,138,TextButton,,
lib/ui/screens/settings/wallet_notification_settings_screen.dart,139,,,onPressed
lib/ui/screens/settings/wallet_notification_settings_screen.dart,147,,,onRefresh
lib/ui/screens/settings/wallet_notification_settings_screen.dart,201,,,onPressed
lib/ui/screens/settings/wallet_notification_settings_screen.dart,220,IconButton,,
lib/ui/screens/settings/wallet_notification_settings_screen.dart,222,,,onPressed
lib/ui/screens/settings/wallet_notification_settings_screen.dart,246,ListTile,,
lib/ui/screens/settings/wallet_notification_settings_screen.dart,277,,,onChanged
lib/ui/screens/settings/wallet_notification_settings_screen.dart,279,IconButton,,
lib/ui/screens/settings/wallet_notification_settings_screen.dart,281,,,onPressed
lib/ui/screens/reports/messages_by_status_screen.dart,82,,,onRefresh
lib/ui/screens/reports/pos_accounts_ledger_screen.dart,248,IconButton,,
lib/ui/screens/reports/pos_accounts_ledger_screen.dart,250,,,onPressed
lib/ui/screens/reports/pos_accounts_ledger_screen.dart,263,,,onPressed
lib/ui/screens/reports/pos_accounts_ledger_screen.dart,275,,,onRefresh
lib/ui/screens/reports/pos_accounts_ledger_screen.dart,355,TextField,,
lib/ui/screens/reports/pos_accounts_ledger_screen.dart,357,,,onChanged
lib/ui/screens/reports/pos_accounts_ledger_screen.dart,497,,,onTap
lib/ui/screens/reports/pos_accounts_ledger_screen.dart,545,IconButton,,
lib/ui/screens/reports/pos_accounts_ledger_screen.dart,547,,,onPressed
lib/ui/screens/reports/pos_accounts_ledger_screen.dart,805,,,onPressed
lib/ui/screens/reports/pos_accounts_ledger_screen.dart,817,,,onPressed
lib/ui/screens/reports/pos_accounts_ledger_screen.dart,977,TextField,,
lib/ui/screens/reports/pos_accounts_ledger_screen.dart,1039,,,onSelected
lib/ui/screens/reports/pos_accounts_ledger_screen.dart,1044,TextField,,
lib/ui/screens/reports/pos_accounts_ledger_screen.dart,1065,TextField,,
lib/ui/screens/reports/pos_accounts_ledger_screen.dart,1135,TextButton,,
lib/ui/screens/reports/pos_accounts_ledger_screen.dart,1136,,,onPressed
lib/ui/screens/reports/pos_accounts_ledger_screen.dart,1153,,,onPressed
lib/ui/screens/reports/pos_accounts_ledger_screen.dart,1381,TextField,,
lib/ui/screens/reports/pos_accounts_ledger_screen.dart,1386,,,onChanged
lib/ui/screens/reports/pos_accounts_ledger_screen.dart,1408,TextField,,
lib/ui/screens/reports/pos_accounts_ledger_screen.dart,1410,,,onChanged
lib/ui/screens/reports/pos_accounts_ledger_screen.dart,1431,TextField,,
lib/ui/screens/reports/pos_accounts_ledger_screen.dart,1470,,,onChanged
lib/ui/screens/reports/pos_accounts_ledger_screen.dart,1486,,,onChanged
lib/ui/screens/reports/pos_accounts_ledger_screen.dart,1530,,,onPressed
lib/ui/screens/reports/pos_report_screen.dart,141,TextField,,
lib/ui/screens/reports/pos_report_screen.dart,149,TextButton,,
lib/ui/screens/reports/pos_report_screen.dart,150,,,onPressed
lib/ui/screens/reports/pos_report_screen.dart,153,FilledButton,,
lib/ui/screens/reports/pos_report_screen.dart,154,,,onPressed
lib/ui/screens/reports/pos_report_screen.dart,233,IconButton,,
lib/ui/screens/reports/pos_report_screen.dart,235,,,onPressed
lib/ui/screens/reports/pos_report_screen.dart,250,,,onRefresh
lib/ui/screens/reports/pos_report_screen.dart,254,SwitchListTile,,
lib/ui/screens/reports/pos_report_screen.dart,265,,,onChanged
lib/ui/screens/reports/pos_report_screen.dart,317,TextButton,,
lib/ui/screens/reports/pos_report_screen.dart,318,,,onPressed
lib/ui/screens/reports/sales_period_report_screen.dart,234,,,onSelected
lib/ui/screens/reports/sales_period_report_screen.dart,268,IconButton,,
lib/ui/screens/reports/sales_period_report_screen.dart,270,,,onPressed
lib/ui/screens/reports/sales_period_report_screen.dart,292,,,onTap
lib/ui/screens/reports/sales_period_report_screen.dart,301,,,onTap
lib/ui/screens/reports/sales_period_report_screen.dart,310,,,onTap
lib/ui/screens/reports/sales_period_report_screen.dart,402,,,onTap
lib/ui/screens/reports/sales_period_report_screen.dart,445,,,onRefresh
lib/ui/screens/reports/sales_period_report_screen.dart,574,TextField,,
lib/ui/screens/reports/sales_period_report_screen.dart,576,,,onChanged
lib/ui/services/report_pdf_export.dart,42,TextButton,,
lib/ui/services/report_pdf_export.dart,43,,,onPressed
lib/ui/services/report_pdf_export.dart,50,,,onPressed
